date,temperature_2m_mean,precipitation_sum,windspeed_10m_max,relative_humidity_2m_mean
2020-01-01,9.8,0.0,6.5,63
2020-01-02,10.1,0.0,6.5,71
2020-01-03,7.7,14.1,8.7,91
2020-01-04,7.9,7.0,6.4,88
2020-01-05,7.3,0.2,9.1,80
2020-01-06,8.1,0.0,7.3,67
2020-01-07,8.5,1.3,7.3,80
2020-01-08,8.7,3.2,6.7,87
2020-01-09,8.4,5.1,6.3,88
2020-01-10,8.4,0.0,10.5,86
2020-01-11,8.2,0.0,6.6,82
2020-01-12,10.6,0.0,7.4,67
2020-01-13,11.4,0.0,8.0,69
2020-01-14,11.5,0.0,9.7,72
2020-01-15,14.4,0.0,11.2,58
2020-01-16,11.8,9.6,6.2,75
2020-01-17,9.7,34.7,9.6,92
2020-01-18,9.6,0.3,8.7,75
2020-01-19,8.5,2.1,8.8,79
2020-01-20,8.2,0.0,11.2,75
2020-01-21,9.4,0.0,8.3,60
2020-01-22,11.1,0.0,11.2,58
2020-01-23,10.4,0.0,10.5,65
2020-01-24,8.8,0.0,7.7,83
2020-01-25,8.5,0.0,8.9,84
2020-01-26,7.9,0.3,7.4,88
2020-01-27,9.0,0.0,9.7,84
2020-01-28,11.7,0.1,12.9,69
2020-01-29,12.5,0.0,11.1,69
2020-01-30,10.7,0.4,11.8,74
2020-01-31,10.1,0.0,10.8,78
2020-02-01,9.5,4.2,7.8,86
2020-02-02,8.6,0.0,9.7,81
2020-02-03,8.6,0.0,10.4,78
2020-02-04,10.0,0.5,8.9,76
2020-02-05,9.3,0.0,12.0,76
2020-02-06,9.5,0.3,7.2,72
2020-02-07,9.6,0.3,7.9,76
2020-02-08,8.9,2.0,8.4,77
2020-02-09,8.6,0.0,13.3,68
2020-02-10,10.4,0.0,9.7,59
2020-02-11,11.3,0.0,9.7,65
2020-02-12,11.2,0.0,8.4,74
2020-02-13,12.6,0.0,8.5,78
2020-02-14,12.6,0.0,10.3,86
2020-02-15,13.2,0.2,7.1,85
2020-02-16,13.9,1.0,8.2,86
2020-02-17,13.7,0.7,10.0,88
2020-02-18,13.7,0.0,11.7,84
2020-02-19,13.2,1.9,8.2,88
2020-02-20,13.3,0.6,9.5,88
2020-02-21,12.3,5.2,7.7,88
2020-02-22,13.1,0.5,10.2,78
2020-02-23,12.3,1.6,9.0,78
2020-02-24,11.9,2.1,7.8,78
2020-02-25,10.7,7.0,10.1,87
2020-02-26,10.3,13.4,10.4,88
2020-02-27,11.3,0.2,14.3,82
2020-02-28,11.9,0.3,8.9,83
2020-02-29,13.3,0.0,8.1,76
2020-03-01,14.2,0.9,8.9,74
2020-03-02,12.9,8.2,5.8,79
2020-03-03,13.3,0.5,9.5,74
2020-03-04,12.4,3.4,6.6,81
2020-03-05,12.6,0.6,7.1,77
2020-03-06,12.1,3.4,7.1,81
2020-03-07,11.5,1.9,11.4,79
2020-03-08,13.5,0.0,13.0,65
2020-03-09,14.2,0.0,12.5,76
2020-03-10,14.9,0.0,12.1,83
2020-03-11,15.6,0.3,11.8,73
2020-03-12,17.3,0.0,13.4,55
2020-03-13,15.1,4.5,9.2,63
2020-03-14,13.6,7.7,10.8,83
2020-03-15,13.0,3.0,9.7,76
2020-03-16,14.9,1.7,10.0,62
2020-03-17,14.5,2.0,8.2,74
2020-03-18,14.4,1.3,10.0,79
2020-03-19,13.9,6.3,6.8,80
2020-03-20,12.7,8.5,10.2,84
2020-03-21,13.1,5.2,9.3,83
2020-03-22,13.4,7.7,8.3,85
2020-03-23,13.6,5.3,7.1,84
2020-03-24,15.6,0.1,10.0,81
2020-03-25,15.4,7.7,8.4,89
2020-03-26,17.7,0.8,10.2,81
2020-03-27,18.9,0.4,15.9,78
2020-03-28,19.1,0.0,14.4,65
2020-03-29,19.0,0.0,14.2,60
2020-03-30,17.9,0.0,11.8,68
2020-03-31,18.4,0.7,10.8,67
2020-04-01,16.2,5.0,8.1,79
2020-04-02,17.0,0.0,14.1,65
2020-04-03,18.1,0.0,8.3,52
2020-04-04,18.3,0.1,7.2,55
2020-04-05,18.8,2.3,10.1,51
2020-04-06,18.5,0.2,10.5,55
2020-04-07,19.3,0.0,14.1,53
2020-04-08,18.8,1.4,14.1,56
2020-04-09,17.8,0.7,17.0,54
2020-04-10,18.9,0.0,9.7,49
2020-04-11,18.6,0.2,11.3,54
2020-04-12,19.6,0.0,14.5,60
2020-04-13,19.2,5.9,10.9,77
2020-04-14,18.5,4.6,10.1,78
2020-04-15,18.7,1.7,8.0,78
2020-04-16,17.4,10.2,7.6,86
2020-04-17,17.5,14.8,10.6,89
2020-04-18,17.9,4.4,10.2,83
2020-04-19,18.2,0.4,13.5,72
2020-04-20,18.2,2.1,9.9,72
2020-04-21,15.4,13.9,13.8,85
2020-04-22,14.8,11.0,10.5,84
2020-04-23,15.7,4.7,6.6,85
2020-04-24,15.4,10.1,8.7,85
2020-04-25,16.4,9.2,6.6,87
2020-04-26,16.6,13.0,9.3,88
2020-04-27,16.9,5.6,5.5,85
2020-04-28,16.4,9.5,5.8,87
2020-04-29,16.8,10.7,7.2,88
2020-04-30,17.4,3.5,7.3,85
2020-05-01,17.2,13.1,7.6,90
2020-05-02,18.1,2.5,6.6,85
2020-05-03,18.6,0.9,8.2,83
2020-05-04,17.9,7.6,8.4,87
2020-05-05,18.1,13.9,6.9,83
2020-05-06,16.9,12.9,7.5,87
2020-05-07,15.9,3.8,10.2,85
2020-05-08,17.6,1.1,11.4,73
2020-05-09,18.7,3.5,6.1,80
2020-05-10,18.4,12.7,8.0,84
2020-05-11,18.6,1.7,7.8,79
2020-05-12,18.2,5.1,7.7,81
2020-05-13,19.0,4.8,7.1,82
2020-05-14,19.6,1.6,9.7,85
2020-05-15,19.6,6.9,9.0,88
2020-05-16,21.0,2.9,10.6,79
2020-05-17,21.1,0.8,11.3,80
2020-05-18,20.5,3.3,8.8,85
2020-05-19,20.4,0.8,10.8,83
2020-05-20,20.6,1.8,7.5,81
2020-05-21,19.5,8.2,6.4,90
2020-05-22,20.9,7.5,7.9,90
2020-05-23,20.8,88.8,6.8,95
2020-05-24,21.2,7.7,11.2,90
2020-05-25,21.6,6.9,8.4,85
2020-05-26,20.4,11.6,6.3,86
2020-05-27,20.2,9.9,9.8,83
2020-05-28,18.8,19.0,8.7,91
2020-05-29,19.1,5.5,7.1,87
2020-05-30,19.5,15.8,6.7,89
2020-05-31,19.6,13.6,9.0,91
2020-06-01,19.9,1.2,10.7,85
2020-06-02,20.8,0.2,12.1,77
2020-06-03,20.9,1.4,7.9,79
2020-06-04,19.1,7.2,7.3,88
2020-06-05,18.1,61.2,11.5,90
2020-06-06,19.9,27.5,7.2,87
2020-06-07,21.0,5.0,8.7,87
2020-06-08,21.5,2.0,7.6,85
2020-06-09,21.9,6.0,7.2,89
2020-06-10,22.2,31.1,7.6,90
2020-06-11,22.5,3.8,8.4,86
2020-06-12,22.7,24.2,6.4,88
2020-06-13,22.4,28.5,6.8,91
2020-06-14,22.1,38.9,6.9,93
2020-06-15,21.6,22.4,6.8,92
2020-06-16,21.4,16.0,9.8,93
2020-06-17,22.1,12.5,7.1,91
2020-06-18,22.1,8.7,7.2,94
2020-06-19,22.1,16.2,6.6,93
2020-06-20,21.9,32.1,9.5,93
2020-06-21,21.9,36.5,9.3,91
2020-06-22,21.7,29.2,5.8,93
2020-06-23,22.5,12.2,9.3,88
2020-06-24,22.9,41.4,8.0,90
2020-06-25,21.0,95.3,12.8,96
2020-06-26,22.0,26.8,8.6,91
2020-06-27,22.4,11.7,6.1,93
2020-06-28,21.6,39.6,7.7,95
2020-06-29,22.2,9.8,8.9,91
2020-06-30,22.1,11.8,8.4,92
2020-07-01,22.6,6.2,8.2,90
2020-07-02,23.3,24.0,4.3,88
2020-07-03,23.1,10.8,8.8,90
2020-07-04,22.2,19.2,7.8,92
2020-07-05,22.2,39.2,5.2,91
2020-07-06,22.8,25.2,4.0,91
2020-07-07,22.6,40.7,6.0,92
2020-07-08,23.3,69.6,6.9,91
2020-07-09,22.6,20.3,4.5,95
2020-07-10,22.0,100.7,8.8,95
2020-07-11,22.2,57.6,5.6,92
2020-07-12,22.3,37.1,8.1,93
2020-07-13,22.2,15.3,11.2,94
2020-07-14,22.1,11.6,10.4,93
2020-07-15,22.9,61.4,6.6,90
2020-07-16,23.0,45.8,6.9,93
2020-07-17,22.8,21.2,7.8,92
2020-07-18,22.5,32.9,5.0,93
2020-07-19,21.9,55.4,9.0,94
2020-07-20,20.8,143.7,19.6,95
2020-07-21,21.0,51.3,9.2,94
2020-07-22,22.1,45.7,5.1,93
2020-07-23,21.9,68.2,9.4,92
2020-07-24,22.2,30.0,5.4,92
2020-07-25,22.3,33.4,6.4,91
2020-07-26,22.7,4.5,9.5,93
2020-07-27,22.8,3.2,10.7,90
2020-07-28,22.5,36.0,5.4,95
2020-07-29,22.1,12.9,5.9,93
2020-07-30,22.1,24.3,6.9,93
2020-07-31,22.4,32.2,8.1,92
2020-08-01,22.4,17.4,6.9,91
2020-08-02,23.1,42.3,6.3,90
2020-08-03,23.3,28.8,4.9,91
2020-08-04,24.5,7.6,5.2,85
2020-08-05,24.0,17.6,7.8,88
2020-08-06,23.5,18.0,10.0,91
2020-08-07,23.2,4.6,7.9,89
2020-08-08,23.5,36.8,4.5,91
2020-08-09,22.8,22.6,6.9,94
2020-08-10,22.5,24.9,7.1,93
2020-08-11,23.0,15.7,6.9,89
2020-08-12,22.1,48.7,7.8,94
2020-08-13,22.9,56.6,5.2,93
2020-08-14,23.2,45.4,5.1,92
2020-08-15,22.6,68.0,8.7,93
2020-08-16,23.0,8.0,9.2,89
2020-08-17,22.9,20.5,8.4,91
2020-08-18,23.0,4.5,8.0,89
2020-08-19,22.3,15.3,4.7,91
2020-08-20,22.3,37.4,6.1,91
2020-08-21,22.4,14.6,7.6,89
2020-08-22,22.2,33.9,7.6,91
2020-08-23,22.1,57.6,6.5,92
2020-08-24,22.8,5.1,7.8,90
2020-08-25,23.1,7.5,6.3,90
2020-08-26,22.1,21.9,7.9,93
2020-08-27,22.2,66.6,6.1,92
2020-08-28,22.3,9.0,7.1,90
2020-08-29,22.1,17.6,7.9,92
2020-08-30,22.0,3.6,9.9,91
2020-08-31,22.4,1.5,11.5,90
2020-09-01,23.2,43.4,7.1,89
2020-09-02,22.7,27.7,5.4,92
2020-09-03,21.8,29.2,5.7,92
2020-09-04,22.2,2.7,8.6,89
2020-09-05,22.2,2.2,10.3,90
2020-09-06,22.1,3.0,9.4,90
2020-09-07,22.1,19.0,7.9,91
2020-09-08,22.2,1.7,8.4,91
2020-09-09,21.9,13.0,7.6,92
2020-09-10,22.1,4.7,6.5,91
2020-09-11,22.1,6.6,5.7,91
2020-09-12,22.4,19.6,5.2,92
2020-09-13,22.4,13.3,6.9,90
2020-09-14,21.3,19.2,5.9,95
2020-09-15,21.3,26.3,6.1,93
2020-09-16,21.6,9.8,9.2,94
2020-09-17,21.8,9.6,7.2,94
2020-09-18,21.5,48.7,8.0,93
2020-09-19,21.6,28.7,5.5,92
2020-09-20,23.0,8.4,5.4,85
2020-09-21,22.2,9.0,6.1,90
2020-09-22,21.7,18.8,5.1,92
2020-09-23,20.8,44.6,10.4,95
2020-09-24,20.2,26.5,9.7,95
2020-09-25,21.1,25.3,7.1,90
2020-09-26,20.7,3.7,10.2,92
2020-09-27,20.8,1.5,9.3,89
2020-09-28,21.3,0.0,10.0,86
2020-09-29,21.3,0.4,10.7,88
2020-09-30,21.2,2.8,8.7,90
2020-10-01,21.2,1.5,9.2,90
2020-10-02,21.1,1.9,8.9,90
2020-10-03,21.4,0.4,9.6,88
2020-10-04,21.3,1.1,10.4,88
2020-10-05,21.1,0.3,11.4,88
2020-10-06,20.7,0.0,11.5,88
2020-10-07,20.4,0.0,10.7,84
2020-10-08,20.8,0.0,11.0,79
2020-10-09,20.4,0.0,10.2,76
2020-10-10,20.7,0.3,9.2,79
2020-10-11,21.1,1.0,9.1,81
2020-10-12,20.7,0.5,6.5,83
2020-10-13,20.4,1.3,6.6,84
2020-10-14,20.0,1.2,7.4,82
2020-10-15,20.4,0.3,9.4,80
2020-10-16,20.2,0.2,7.9,79
2020-10-17,20.4,0.3,9.0,76
2020-10-18,20.2,0.9,6.2,78
2020-10-19,19.7,3.0,8.7,85
2020-10-20,19.1,0.6,8.5,83
2020-10-21,19.1,0.5,7.8,80
2020-10-22,18.7,0.3,8.4,80
2020-10-23,18.4,0.1,10.4,79
2020-10-24,18.4,0.0,11.2,79
2020-10-25,18.6,0.0,11.0,77
2020-10-26,18.0,0.0,9.7,75
2020-10-27,17.9,0.4,8.7,76
2020-10-28,18.1,0.0,6.6,70
2020-10-29,18.3,0.0,6.8,63
2020-10-30,19.1,0.0,7.1,64
2020-10-31,19.5,0.0,9.8,60
2020-11-01,19.6,0.0,12.7,65
2020-11-02,18.4,0.0,12.6,78
2020-11-03,17.6,0.0,10.7,71
2020-11-04,16.6,0.6,8.1,70
2020-11-05,15.7,0.0,9.1,71
2020-11-06,15.1,0.0,9.2,70
2020-11-07,15.3,0.0,5.9,71
2020-11-08,16.1,0.0,7.1,62
2020-11-09,15.9,0.0,6.1,64
2020-11-10,16.5,0.3,6.7,63
2020-11-11,16.5,0.0,6.2,65
2020-11-12,16.4,0.0,6.9,60
2020-11-13,16.7,0.0,6.4,53
2020-11-14,16.0,0.0,7.4,62
2020-11-15,15.5,0.0,7.4,63
2020-11-16,14.0,0.2,9.7,70
2020-11-17,14.8,0.0,10.8,54
2020-11-18,15.4,0.0,10.5,55
2020-11-19,14.4,0.0,12.3,58
2020-11-20,15.1,0.0,11.2,59
2020-11-21,12.7,3.9,8.9,78
2020-11-22,12.1,0.0,12.1,74
2020-11-23,11.8,0.0,9.8,73
2020-11-24,12.3,0.0,9.9,77
2020-11-25,13.1,0.0,8.5,74
2020-11-26,13.3,0.0,9.4,76
2020-11-27,14.2,0.0,7.9,72
2020-11-28,13.8,0.0,8.9,52
2020-11-29,14.2,0.0,5.6,47
2020-11-30,14.3,0.0,6.8,61
2020-12-01,13.8,0.0,8.0,66
2020-12-02,13.7,0.0,6.1,67
2020-12-03,12.8,0.0,5.8,74
2020-12-04,12.6,0.3,7.9,80
2020-12-05,12.1,0.2,8.9,82
2020-12-06,11.9,0.1,8.8,84
2020-12-07,12.4,0.0,7.3,83
2020-12-08,13.2,0.0,7.9,81
2020-12-09,13.7,0.0,9.4,84
2020-12-10,13.3,0.0,10.9,82
2020-12-11,12.7,0.0,11.3,75
2020-12-12,13.8,0.0,12.3,73
2020-12-13,12.6,0.0,10.7,71
2020-12-14,11.2,0.0,11.2,68
2020-12-15,11.6,0.0,12.0,54
2020-12-16,11.6,0.0,14.8,51
2020-12-17,9.9,0.0,12.2,69
2020-12-18,9.4,0.0,10.5,64
2020-12-19,9.7,0.0,9.0,70
2020-12-20,10.1,0.0,8.6,75
2020-12-21,11.2,0.0,7.6,68
2020-12-22,11.5,0.0,9.4,66
2020-12-23,10.9,0.0,9.2,67
2020-12-24,10.8,0.0,10.0,71
2020-12-25,11.5,0.0,11.5,51
2020-12-26,10.3,0.0,10.2,60
2020-12-27,10.4,0.0,8.3,70
2020-12-28,10.3,0.0,10.2,68
2020-12-29,11.0,0.0,9.4,59
2020-12-30,9.4,0.0,9.5,66
2020-12-31,10.6,0.0,8.9,52
2021-01-01,10.3,0.0,10.4,55
2021-01-02,11.0,0.0,9.1,58
2021-01-03,12.8,0.0,10.7,49
2021-01-04,15.2,0.1,8.7,56
2021-01-05,15.0,0.0,12.8,57
2021-01-06,16.6,0.0,13.8,53
2021-01-07,14.1,0.0,12.3,60
2021-01-08,13.9,0.0,11.7,58
2021-01-09,13.0,0.0,13.8,69
2021-01-10,13.6,0.0,12.4,63
2021-01-11,12.6,0.0,9.2,76
2021-01-12,11.6,0.0,9.2,78
2021-01-13,10.8,0.0,7.1,81
2021-01-14,10.7,0.0,7.9,80
2021-01-15,10.8,0.0,11.6,80
2021-01-16,10.7,0.0,9.7,79
2021-01-17,11.8,0.0,8.3,78
2021-01-18,11.8,0.0,11.5,72
2021-01-19,11.4,0.0,13.5,75
2021-01-20,10.7,0.0,11.5,78
2021-01-21,10.2,0.0,7.2,80
2021-01-22,10.3,0.0,8.2,77
2021-01-23,10.6,0.0,12.0,78
2021-01-24,10.7,0.0,12.1,75
2021-01-25,10.0,0.0,9.8,64
2021-01-26,9.4,0.0,10.9,64
2021-01-27,9.7,0.0,12.2,59
2021-01-28,9.8,0.0,9.7,56
2021-01-29,9.5,0.0,7.6,65
2021-01-30,8.5,0.0,10.2,72
2021-01-31,8.8,0.0,8.3,65
2021-02-01,10.3,0.0,8.2,60
2021-02-02,10.9,0.0,8.7,57
2021-02-03,11.3,0.0,9.8,58
2021-02-04,12.1,0.0,12.5,52
2021-02-05,11.1,2.5,14.4,64
2021-02-06,8.3,4.2,8.4,83
2021-02-07,9.9,0.0,9.3,61
2021-02-08,11.2,0.0,8.7,55
2021-02-09,12.9,0.0,10.0,56
2021-02-10,12.0,0.0,10.7,71
2021-02-11,12.5,0.0,10.2,73
2021-02-12,12.4,0.0,10.5,75
2021-02-13,13.1,0.1,8.3,75
2021-02-14,13.1,1.6,8.0,80
2021-02-15,12.2,2.4,9.8,82
2021-02-16,12.0,0.0,13.0,72
2021-02-17,12.3,0.2,10.6,69
2021-02-18,11.2,1.6,6.6,77
2021-02-19,11.8,0.6,8.4,70
2021-02-20,12.9,0.0,12.0,57
2021-02-21,14.7,0.0,11.5,44
2021-02-22,14.9,0.0,10.5,55
2021-02-23,15.0,0.0,10.0,70
2021-02-24,15.5,0.8,10.1,75
2021-02-25,15.4,0.8,11.8,77
2021-02-26,15.4,0.9,9.1,76
2021-02-27,15.8,1.3,13.7,75
2021-02-28,16.1,1.3,13.8,74
2021-03-01,16.7,0.0,12.6,60
2021-03-02,14.9,0.0,11.6,50
2021-03-03,14.7,0.0,10.5,52
2021-03-04,15.2,0.1,13.5,59
2021-03-05,14.8,0.1,14.5,61
2021-03-06,14.9,0.3,9.5,64
2021-03-07,14.0,1.9,8.4,82
2021-03-08,14.6,2.0,11.4,80
2021-03-09,17.2,0.0,14.8,57
2021-03-10,15.6,0.2,12.3,72
2021-03-11,16.2,0.1,13.2,66
2021-03-12,17.5,0.0,13.4,60
2021-03-13,15.1,1.9,10.9,78
2021-03-14,15.6,0.7,10.6,75
2021-03-15,16.9,0.0,13.6,68
2021-03-16,16.9,0.5,12.6,67
2021-03-17,17.6,0.1,11.3,60
2021-03-18,18.0,0.6,11.7,60
2021-03-19,18.8,0.0,14.0,55
2021-03-20,18.4,2.0,13.7,56
2021-03-21,18.0,0.1,12.8,50
2021-03-22,20.2,0.0,13.0,42
2021-03-23,20.7,0.0,13.9,40
2021-03-24,19.9,0.0,16.8,43
2021-03-25,19.0,0.0,13.7,40
2021-03-26,19.6,0.0,13.2,39
2021-03-27,18.7,0.0,13.0,52
2021-03-28,18.7,0.0,10.6,52
2021-03-29,19.1,0.6,11.3,52
2021-03-30,18.2,1.7,12.1,67
2021-03-31,16.4,13.5,7.8,85
2021-04-01,17.1,0.7,8.7,68
2021-04-02,17.1,0.0,12.6,57
2021-04-03,17.7,0.0,13.8,41
2021-04-04,18.6,0.2,9.1,29
2021-04-05,18.7,0.0,12.0,40
2021-04-06,19.2,0.2,12.8,49
2021-04-07,19.4,0.0,16.7,53
2021-04-08,20.2,0.0,16.0,52
2021-04-09,20.7,0.0,13.9,45
2021-04-10,20.3,0.0,15.4,42
2021-04-11,21.4,0.0,14.1,33
2021-04-12,20.7,0.0,13.8,29
2021-04-13,20.3,0.0,10.5,34
2021-04-14,21.0,0.1,14.0,39
2021-04-15,20.7,0.0,16.0,48
2021-04-16,19.4,0.5,14.0,55
2021-04-17,17.8,3.2,12.1,71
2021-04-18,18.4,0.5,14.8,62
2021-04-19,18.8,0.0,11.3,57
2021-04-20,20.5,0.0,14.8,49
2021-04-21,19.3,0.2,16.2,54
2021-04-22,17.7,5.4,15.6,60
2021-04-23,20.1,0.0,13.6,44
2021-04-24,20.3,0.0,16.7,46
2021-04-25,22.0,0.0,12.3,37
2021-04-26,21.8,0.0,11.4,44
2021-04-27,21.9,0.2,15.2,47
2021-04-28,22.0,0.0,11.2,47
2021-04-29,20.5,8.1,9.1,58
2021-04-30,19.4,4.3,7.1,69
2021-05-01,18.8,3.1,12.4,74
2021-05-02,18.1,5.0,9.5,81
2021-05-03,18.1,1.9,9.7,83
2021-05-04,17.7,31.0,5.2,88
2021-05-05,16.6,34.0,8.4,94
2021-05-06,17.3,22.8,6.6,88
2021-05-07,17.8,12.1,5.1,87
2021-05-08,18.1,2.3,11.2,83
2021-05-09,17.9,2.6,12.0,82
2021-05-10,18.0,12.2,7.6,85
2021-05-11,17.6,17.8,7.7,87
2021-05-12,17.3,10.9,5.4,87
2021-05-13,17.1,12.9,7.9,90
2021-05-14,17.4,0.8,12.5,84
2021-05-15,19.7,0.0,11.7,73
2021-05-16,21.4,0.0,12.7,64
2021-05-17,22.1,0.0,13.0,67
2021-05-18,20.8,3.4,12.9,80
2021-05-19,18.9,3.5,8.4,82
2021-05-20,18.3,42.1,7.9,93
2021-05-21,20.8,13.0,8.3,86
2021-05-22,21.6,10.0,9.7,83
2021-05-23,22.1,2.0,10.0,82
2021-05-24,22.0,8.5,6.8,86
2021-05-25,21.3,11.4,8.7,88
2021-05-26,20.0,8.7,5.7,93
2021-05-27,19.5,33.6,6.3,96
2021-05-28,18.9,120.3,11.4,93
2021-05-29,21.3,33.6,12.2,86
2021-05-30,21.5,9.7,10.4,87
2021-05-31,21.5,4.6,9.2,90
2021-06-01,21.4,6.0,11.8,89
2021-06-02,21.4,0.0,11.9,83
2021-06-03,21.6,0.1,11.1,81
2021-06-04,21.7,1.1,11.1,83
2021-06-05,22.4,0.3,11.3,82
2021-06-06,22.2,2.1,13.4,86
2021-06-07,23.1,1.0,12.0,81
2021-06-08,22.5,3.4,8.8,83
2021-06-09,22.6,7.2,6.2,86
2021-06-10,22.0,6.3,6.9,89
2021-06-11,21.7,50.8,6.5,91
2021-06-12,21.0,14.7,6.3,93
2021-06-13,21.7,10.6,5.6,91
2021-06-14,21.9,27.9,5.2,90
2021-06-15,21.3,31.7,8.1,94
2021-06-16,21.4,56.7,8.4,93
2021-06-17,21.5,43.9,8.7,91
2021-06-18,22.1,33.0,8.2,89
2021-06-19,21.4,24.0,13.8,88
2021-06-20,21.0,12.3,10.0,91
2021-06-21,22.7,3.4,11.8,83
2021-06-22,22.7,39.5,8.0,88
2021-06-23,22.4,40.4,5.8,93
2021-06-24,21.9,62.2,6.6,92
2021-06-25,22.1,89.4,7.1,91
2021-06-26,21.8,36.1,7.4,91
2021-06-27,22.3,41.0,6.8,90
2021-06-28,22.2,6.2,10.2,91
2021-06-29,22.7,8.2,10.5,91
2021-06-30,22.2,52.9,8.2,97
2021-07-01,21.5,136.5,10.7,95
2021-07-02,20.3,174.8,17.3,95
2021-07-03,21.3,23.0,9.4,89
2021-07-04,21.9,21.0,6.9,91
2021-07-05,22.1,44.0,6.2,92
2021-07-06,23.0,12.4,8.5,92
2021-07-07,23.2,19.6,5.1,90
2021-07-08,22.2,27.0,8.8,92
2021-07-09,22.6,60.4,4.4,90
2021-07-10,22.7,76.2,5.6,95
2021-07-11,22.0,58.9,9.4,93
2021-07-12,22.8,18.2,9.3,89
2021-07-13,22.7,45.1,7.7,90
2021-07-14,22.7,80.0,6.8,90
2021-07-15,21.7,23.2,7.3,95
2021-07-16,22.1,5.1,8.7,91
2021-07-17,22.2,33.5,5.9,92
2021-07-18,22.4,7.5,6.7,91
2021-07-19,22.3,21.0,9.8,93
2021-07-20,22.5,43.2,8.2,93
2021-07-21,22.7,68.2,7.2,91
2021-07-22,23.3,9.6,7.2,88
2021-07-23,22.8,30.3,9.7,91
2021-07-24,22.9,47.6,7.1,92
2021-07-25,23.2,46.1,4.9,97
2021-07-26,22.6,34.2,7.3,95
2021-07-27,23.0,22.1,6.4,90
2021-07-28,22.9,44.4,7.2,92
2021-07-29,22.9,32.9,6.6,90
2021-07-30,22.6,31.5,7.3,90
2021-07-31,23.1,13.0,6.8,89
2021-08-01,23.3,19.3,9.7,89
2021-08-02,22.9,36.5,8.5,91
2021-08-03,22.8,44.6,8.4,90
2021-08-04,22.8,42.3,5.8,93
2021-08-05,22.4,19.1,8.0,91
2021-08-06,23.0,18.0,7.4,88
2021-08-07,22.9,66.5,5.4,94
2021-08-08,22.5,9.5,6.0,91
2021-08-09,22.8,11.3,9.3,91
2021-08-10,23.1,3.6,7.4,89
2021-08-11,22.9,105.6,9.6,92
2021-08-12,23.2,19.2,8.8,91
2021-08-13,22.7,5.6,11.4,91
2021-08-14,21.9,53.0,9.7,94
2021-08-15,21.7,24.3,8.2,95
2021-08-16,22.8,30.8,7.3,90
2021-08-17,22.6,35.7,3.7,91
2021-08-18,22.5,74.8,6.1,92
2021-08-19,22.9,25.4,7.6,90
2021-08-20,22.7,23.4,7.5,92
2021-08-21,22.2,25.7,8.6,92
2021-08-22,21.6,15.1,5.1,94
2021-08-23,21.2,11.7,5.2,95
2021-08-24,21.6,18.0,6.9,93
2021-08-25,21.5,37.1,5.7,95
2021-08-26,22.4,31.0,9.9,94
2021-08-27,21.8,27.4,9.4,91
2021-08-28,21.0,30.8,6.4,94
2021-08-29,20.9,18.8,8.5,92
2021-08-30,21.2,20.2,5.0,92
2021-08-31,21.7,11.8,7.4,91
2021-09-01,21.9,4.3,8.7,89
2021-09-02,21.6,12.1,6.0,92
2021-09-03,21.2,5.4,7.1,93
2021-09-04,22.2,5.2,7.4,90
2021-09-05,22.4,1.6,8.1,90
2021-09-06,22.3,32.6,5.9,91
2021-09-07,22.0,12.2,9.2,90
2021-09-08,21.6,12.3,8.8,90
2021-09-09,21.1,19.2,5.4,94
2021-09-10,21.3,12.2,6.8,91
2021-09-11,21.7,21.0,5.4,89
2021-09-12,21.8,15.0,5.9,90
2021-09-13,21.8,16.0,5.3,90
2021-09-14,22.1,6.6,9.5,85
2021-09-15,20.9,10.2,7.2,91
2021-09-16,20.7,12.1,6.5,92
2021-09-17,20.7,16.4,7.8,93
2021-09-18,21.7,2.5,7.8,88
2021-09-19,22.3,1.6,10.7,88
2021-09-20,22.0,32.3,5.3,90
2021-09-21,21.5,21.3,6.9,91
2021-09-22,20.8,27.8,7.0,93
2021-09-23,21.0,22.7,5.6,91
2021-09-24,21.2,12.5,5.7,90
2021-09-25,21.2,18.6,5.0,91
2021-09-26,21.1,6.2,6.7,88
2021-09-27,21.1,27.4,6.1,90
2021-09-28,20.5,28.4,5.7,91
2021-09-29,20.3,20.6,4.8,93
2021-09-30,20.7,29.3,4.0,90
2021-10-01,20.6,1.3,7.1,88
2021-10-02,20.2,6.7,10.1,88
2021-10-03,20.8,1.5,9.8,88
2021-10-04,20.8,21.7,5.5,89
2021-10-05,20.7,2.0,9.2,90
2021-10-06,20.6,2.0,7.0,91
2021-10-07,20.4,1.8,8.2,90
2021-10-08,20.5,0.2,9.0,89
2021-10-09,20.4,3.9,6.5,90
2021-10-10,20.6,0.7,8.9,89
2021-10-11,20.7,1.0,7.7,87
2021-10-12,21.3,0.6,7.0,83
2021-10-13,21.8,0.0,7.0,78
2021-10-14,21.9,0.0,8.9,76
2021-10-15,22.0,0.0,6.1,74
2021-10-16,21.3,1.9,8.2,83
2021-10-17,20.8,10.9,6.3,87
2021-10-18,19.8,9.4,4.8,94
2021-10-19,18.9,62.7,11.3,94
2021-10-20,18.8,88.6,9.1,93
2021-10-21,18.9,3.0,8.2,92
2021-10-22,18.6,1.1,7.0,88
2021-10-23,17.5,14.9,4.3,93
2021-10-24,16.9,7.2,6.4,91
2021-10-25,16.5,3.3,7.7,87
2021-10-26,16.4,2.1,7.5,85
2021-10-27,16.5,0.8,6.8,80
2021-10-28,16.4,1.7,5.8,81
2021-10-29,16.9,0.0,6.2,79
2021-10-30,15.8,0.0,11.8,78
2021-10-31,15.6,0.0,9.7,80
2021-11-01,15.6,1.2,6.6,84
2021-11-02,14.6,0.3,9.2,84
2021-11-03,14.9,0.1,9.7,81
2021-11-04,14.4,0.0,10.3,79
2021-11-05,14.3,0.0,10.0,76
2021-11-06,13.8,0.0,9.2,82
2021-11-07,14.3,0.0,7.6,78
2021-11-08,14.8,0.0,7.1,76
2021-11-09,16.0,0.0,6.1,73
2021-11-10,15.5,0.0,8.7,72
2021-11-11,15.0,0.0,10.7,73
2021-11-12,14.8,0.0,10.2,72
2021-11-13,13.8,0.0,9.4,75
2021-11-14,13.6,0.0,9.1,80
2021-11-15,13.5,0.0,10.5,78
2021-11-16,13.3,0.0,9.9,76
2021-11-17,13.1,0.0,6.0,77
2021-11-18,14.7,0.0,7.1,72
2021-11-19,14.7,0.0,9.5,78
2021-11-20,13.7,0.1,9.9,79
2021-11-21,15.1,0.0,10.4,71
2021-11-22,13.7,0.0,10.5,81
2021-11-23,13.5,0.0,8.5,80
2021-11-24,12.9,0.1,8.7,87
2021-11-25,12.8,0.0,9.2,86
2021-11-26,12.3,0.6,6.6,90
2021-11-27,13.4,0.0,7.6,78
2021-11-28,13.8,0.0,8.7,70
2021-11-29,12.6,0.0,9.0,70
2021-11-30,12.8,0.0,6.8,70
2021-12-01,13.8,0.0,6.7,65
2021-12-02,14.0,0.0,7.0,68
2021-12-03,13.8,0.4,6.1,79
2021-12-04,14.7,0.1,10.2,81
2021-12-05,14.1,0.0,7.0,83
2021-12-06,13.3,2.0,6.9,86
2021-12-07,14.3,0.0,13.0,68
2021-12-08,13.2,0.0,11.3,67
2021-12-09,12.2,0.0,7.1,70
2021-12-10,12.3,0.0,11.2,66
2021-12-11,11.3,0.0,5.7,72
2021-12-12,10.3,0.0,7.1,79
2021-12-13,10.9,0.0,7.7,68
2021-12-14,10.9,0.0,7.9,73
2021-12-15,10.8,0.0,10.2,75
2021-12-16,9.6,0.0,7.3,72
2021-12-17,10.3,0.0,10.2,68
2021-12-18,10.8,0.0,7.1,66
2021-12-19,9.1,0.9,7.4,76
2021-12-20,10.5,0.0,12.0,62
2021-12-21,10.9,0.0,7.1,54
2021-12-22,10.9,0.0,9.9,58
2021-12-23,10.8,0.0,8.9,56
2021-12-24,10.2,0.1,6.4,68
2021-12-25,8.4,0.2,6.5,81
2021-12-26,8.4,0.2,9.6,84
2021-12-27,9.4,0.1,8.4,80
2021-12-28,9.3,1.0,6.6,81
2021-12-29,8.3,12.7,14.2,89
2021-12-30,8.1,3.8,9.2,88
2021-12-31,8.6,0.0,9.0,79
2022-01-01,9.4,0.0,6.4,78
2022-01-02,9.6,0.0,8.9,78
2022-01-03,10.1,0.0,7.3,74
2022-01-04,10.5,0.0,7.0,73
2022-01-05,10.1,0.0,7.1,78
2022-01-06,11.5,1.7,9.3,81
2022-01-07,12.1,0.2,10.0,80
2022-01-08,12.2,2.0,7.2,77
2022-01-09,12.0,0.2,9.6,77
2022-01-10,11.0,5.8,7.2,81
2022-01-11,10.7,2.4,6.5,80
2022-01-12,9.1,6.1,9.1,84
2022-01-13,7.1,3.5,8.3,78
2022-01-14,6.3,0.0,8.9,81
2022-01-15,7.4,0.1,8.3,86
2022-01-16,8.9,0.0,6.4,75
2022-01-17,10.3,0.0,7.2,73
2022-01-18,10.0,0.0,5.8,69
2022-01-19,10.2,0.0,7.6,68
2022-01-20,9.0,1.2,7.4,78
2022-01-21,8.1,2.6,5.6,86
2022-01-22,7.9,0.5,8.6,80
2022-01-23,8.9,1.5,8.4,81
2022-01-24,8.1,0.1,7.0,82
2022-01-25,8.9,1.0,4.6,74
2022-01-26,7.7,2.6,10.3,83
2022-01-27,6.7,0.0,11.9,84
2022-01-28,7.1,0.0,6.5,79
2022-01-29,7.5,0.0,9.4,83
2022-01-30,8.7,0.0,8.7,80
2022-01-31,9.5,0.0,9.8,85
2022-02-01,7.6,0.1,11.4,86
2022-02-02,7.8,0.4,9.9,83
2022-02-03,8.9,1.0,9.8,82
2022-02-04,7.2,23.8,16.6,90
2022-02-05,6.0,15.6,9.3,87
2022-02-06,7.1,0.0,7.7,81
2022-02-07,8.5,0.0,12.0,84
2022-02-08,9.8,0.0,13.0,84
2022-02-09,8.3,1.0,12.2,78
2022-02-10,10.0,0.3,11.8,74
2022-02-11,9.2,1.0,8.6,76
2022-02-12,9.4,0.0,8.0,77
2022-02-13,9.3,0.0,10.7,85
2022-02-14,10.2,0.0,10.2,81
2022-02-15,11.0,0.5,9.2,79
2022-02-16,11.2,0.3,12.1,73
2022-02-17,11.9,0.0,12.8,65
2022-02-18,11.7,0.0,11.2,73
2022-02-19,10.2,0.1,12.8,75
2022-02-20,8.2,2.9,7.0,81
2022-02-21,8.3,0.7,6.3,81
2022-02-22,10.1,0.1,6.0,76
2022-02-23,10.9,0.0,12.2,80
2022-02-24,13.5,3.6,8.4,67
2022-02-25,10.7,5.3,6.2,82
2022-02-26,11.6,0.6,10.7,70
2022-02-27,13.8,1.9,11.3,57
2022-02-28,13.4,0.0,11.5,65
2022-03-01,13.6,0.0,11.6,65
2022-03-02,14.3,0.8,12.4,62
2022-03-03,14.1,0.0,11.4,67
2022-03-04,13.9,0.0,14.0,65
2022-03-05,14.3,0.1,13.1,63
2022-03-06,14.9,0.0,9.4,69
2022-03-07,16.5,0.0,7.1,69
2022-03-08,17.2,0.0,8.6,63
2022-03-09,17.3,0.1,9.4,61
2022-03-10,17.2,0.5,7.7,63
2022-03-11,16.8,2.6,9.2,65
2022-03-12,17.7,0.3,8.1,57
2022-03-13,19.2,0.0,12.0,51
2022-03-14,19.0,0.0,7.6,62
2022-03-15,19.5,0.0,9.5,64
2022-03-16,18.8,4.6,6.8,75
2022-03-17,19.2,0.0,9.0,72
2022-03-18,20.1,0.0,9.2,69
2022-03-19,21.6,0.0,13.2,61
2022-03-20,21.5,0.0,12.2,56
2022-03-21,19.6,0.0,11.6,60
2022-03-22,18.9,0.2,9.7,65
2022-03-23,17.6,4.1,9.2,80
2022-03-24,16.9,2.4,14.5,78
2022-03-25,18.5,0.0,15.6,58
2022-03-26,19.0,0.0,12.2,56
2022-03-27,19.1,0.0,10.6,61
2022-03-28,18.7,0.2,8.4,71
2022-03-29,19.2,0.8,8.1,76
2022-03-30,18.5,4.1,4.5,88
2022-03-31,18.0,14.9,5.8,93
2022-04-01,19.4,1.5,11.7,86
2022-04-02,19.0,6.7,7.0,88
2022-04-03,18.8,0.7,13.1,83
2022-04-04,20.2,0.6,12.6,72
2022-04-05,20.5,0.0,12.3,70
2022-04-06,20.7,0.0,11.8,68
2022-04-07,19.2,3.7,9.2,81
2022-04-08,18.8,3.0,10.8,83
2022-04-09,18.9,7.0,10.5,81
2022-04-10,18.3,5.7,11.1,84
2022-04-11,19.6,0.1,10.1,82
2022-04-12,19.4,3.5,7.2,90
2022-04-13,19.8,8.3,12.2,87
2022-04-14,20.8,0.0,16.7,63
2022-04-15,20.8,0.0,15.7,50
2022-04-16,20.7,0.0,15.0,44
2022-04-17,21.5,0.0,15.8,38
2022-04-18,21.8,0.0,11.5,50
2022-04-19,20.3,2.2,11.4,71
2022-04-20,19.0,6.8,7.5,83
2022-04-21,19.5,2.3,7.6,82
2022-04-22,18.9,4.3,12.6,83
2022-04-23,20.3,0.0,14.2,63
2022-04-24,21.3,0.2,14.8,55
2022-04-25,21.7,0.0,13.3,51
2022-04-26,21.3,0.0,18.4,54
2022-04-27,21.6,0.0,15.2,51
2022-04-28,21.3,1.7,12.1,64
2022-04-29,20.4,0.5,10.0,73
2022-04-30,18.6,24.1,6.9,85
2022-05-01,17.9,30.1,7.2,88
2022-05-02,18.6,11.3,9.1,82
2022-05-03,19.5,1.7,9.4,78
2022-05-04,18.7,12.0,8.0,89
2022-05-05,18.6,9.3,7.7,89
2022-05-06,18.9,25.2,8.9,86
2022-05-07,18.8,12.4,7.2,87
2022-05-08,19.6,5.8,11.0,84
2022-05-09,20.1,0.6,8.2,82
2022-05-10,20.6,1.6,8.4,80
2022-05-11,20.6,3.3,7.7,84
2022-05-12,21.1,3.0,8.7,84
2022-05-13,20.6,4.9,8.9,89
2022-05-14,21.4,4.0,7.2,85
2022-05-15,20.9,23.7,6.2,90
2022-05-16,21.3,8.3,11.4,87
2022-05-17,21.8,2.2,13.7,80
2022-05-18,21.5,3.0,12.7,75
2022-05-19,21.2,1.5,15.1,72
2022-05-20,20.4,19.0,9.2,82
2022-05-21,20.1,15.3,9.2,85
2022-05-22,19.3,1.7,10.6,83
2022-05-23,18.9,10.7,7.4,82
2022-05-24,19.2,7.8,7.7,81
2022-05-25,18.7,1.5,8.4,83
2022-05-26,18.9,11.2,10.0,80
2022-05-27,19.9,2.4,10.9,79
2022-05-28,19.9,3.6,9.2,87
2022-05-29,20.3,15.1,6.5,89
2022-05-30,20.8,14.6,6.6,89
2022-05-31,21.1,2.1,8.4,87
2022-06-01,21.1,2.7,7.8,87
2022-06-02,21.6,2.4,6.7,88
2022-06-03,21.7,1.2,9.4,86
2022-06-04,22.0,3.7,10.2,84
2022-06-05,21.5,4.3,8.4,88
2022-06-06,21.7,6.0,8.6,89
2022-06-07,21.9,16.4,8.7,89
2022-06-08,21.6,9.1,7.8,90
2022-06-09,21.9,22.6,10.9,89
2022-06-10,22.5,8.2,10.9,85
2022-06-11,22.3,8.4,7.4,87
2022-06-12,21.9,3.0,10.0,88
2022-06-13,22.0,11.8,10.9,88
2022-06-14,22.3,13.0,8.7,89
2022-06-15,21.7,12.1,8.1,90
2022-06-16,21.8,20.8,10.5,88
2022-06-17,21.5,18.1,11.6,88
2022-06-18,21.5,30.8,12.1,87
2022-06-19,21.6,7.0,10.1,87
2022-06-20,21.7,5.7,11.2,86
2022-06-21,21.6,2.5,7.4,88
2022-06-22,21.9,4.6,7.1,87
2022-06-23,22.2,7.3,7.6,88
2022-06-24,22.6,20.9,7.2,88
2022-06-25,22.4,19.6,6.1,90
2022-06-26,22.6,21.4,7.0,89
2022-06-27,22.3,7.8,7.3,91
2022-06-28,22.5,38.7,10.7,91
2022-06-29,20.9,81.2,9.7,96
2022-06-30,22.1,8.0,8.0,88
2022-07-01,22.7,8.2,7.6,87
2022-07-02,22.4,20.9,6.2,90
2022-07-03,22.4,12.9,6.3,89
2022-07-04,23.4,4.7,7.9,86
2022-07-05,23.5,15.8,5.9,88
2022-07-06,23.3,14.5,4.8,89
2022-07-07,23.6,11.3,6.6,87
2022-07-08,23.2,14.0,6.0,88
2022-07-09,22.6,27.7,6.1,89
2022-07-10,22.6,21.0,7.3,87
2022-07-11,22.6,23.6,6.2,87
2022-07-12,22.6,26.2,5.6,89
2022-07-13,23.1,5.5,5.7,86
2022-07-14,23.0,18.4,8.7,86
2022-07-15,23.3,12.3,5.2,84
2022-07-16,23.2,20.5,6.8,86
2022-07-17,23.5,16.2,6.3,85
2022-07-18,23.3,32.7,5.4,89
2022-07-19,23.0,21.0,7.0,90
2022-07-20,22.6,25.7,5.4,91
2022-07-21,22.1,35.4,6.5,94
2022-07-22,22.8,9.7,5.3,88
2022-07-23,23.3,13.2,5.4,86
2022-07-24,22.0,23.7,7.9,90
2022-07-25,22.2,22.2,9.4,87
2022-07-26,21.9,27.4,7.3,91
2022-07-27,22.2,20.0,5.9,89
2022-07-28,22.2,4.9,6.1,88
2022-07-29,22.2,18.3,6.9,91
2022-07-30,22.2,20.4,5.6,90
2022-07-31,21.8,21.7,6.1,93
2022-08-01,21.9,37.9,5.3,92
2022-08-02,21.9,36.0,5.1,93
2022-08-03,22.3,23.8,7.9,91
2022-08-04,22.6,4.5,5.0,89
2022-08-05,22.9,19.3,6.8,87
2022-08-06,23.0,20.3,6.9,87
2022-08-07,22.8,25.9,7.0,88
2022-08-08,22.9,7.5,6.6,88
2022-08-09,23.8,15.7,5.8,85
2022-08-10,23.3,31.6,6.8,87
2022-08-11,23.2,19.1,6.4,85
2022-08-12,22.9,2.6,5.9,86
2022-08-13,23.3,13.8,7.2,87
2022-08-14,22.3,16.1,6.6,90
2022-08-15,22.5,8.2,14.3,87
2022-08-16,22.2,5.2,7.0,89
2022-08-17,22.3,1.5,9.2,90
2022-08-18,22.9,5.2,7.3,88
2022-08-19,22.4,41.4,7.7,90
2022-08-20,22.3,25.5,5.7,87
2022-08-21,22.5,2.1,8.3,86
2022-08-22,22.6,1.8,6.8,86
2022-08-23,22.5,18.0,6.5,88
2022-08-24,22.6,17.5,5.6,88
2022-08-25,22.9,3.5,9.3,87
2022-08-26,22.6,8.0,7.3,90
2022-08-27,22.1,11.6,7.2,92
2022-08-28,21.2,23.0,8.4,94
2022-08-29,21.9,10.4,6.4,91
2022-08-30,22.1,2.9,9.4,90
2022-08-31,21.6,10.4,5.5,92
2022-09-01,21.3,57.7,6.2,93
2022-09-02,21.5,3.5,9.4,93
2022-09-03,22.2,10.3,9.0,89
2022-09-04,22.0,4.4,6.7,90
2022-09-05,22.0,9.4,8.3,90
2022-09-06,22.2,7.0,5.8,89
2022-09-07,21.6,8.9,6.5,90
2022-09-08,21.4,13.6,4.9,90
2022-09-09,21.2,18.2,6.6,90
2022-09-10,21.2,22.5,6.6,89
2022-09-11,21.4,21.3,6.3,89
2022-09-12,21.3,9.7,7.7,88
2022-09-13,21.6,5.0,4.4,87
2022-09-14,21.3,27.9,7.1,89
2022-09-15,21.4,4.9,9.2,89
2022-09-16,21.0,16.0,6.8,90
2022-09-17,20.8,12.1,8.2,92
2022-09-18,21.0,8.0,7.6,90
2022-09-19,21.6,9.6,6.1,88
2022-09-20,21.9,17.2,5.6,88
2022-09-21,21.4,8.8,6.6,89
2022-09-22,21.6,10.8,7.2,87
2022-09-23,21.4,3.8,5.6,89
2022-09-24,20.8,5.1,7.7,91
2022-09-25,20.3,1.9,8.5,90
2022-09-26,20.2,3.7,8.2,91
2022-09-27,19.9,1.5,8.2,91
2022-09-28,20.2,2.2,10.0,90
2022-09-29,19.9,1.5,8.4,89
2022-09-30,20.6,8.4,8.7,89
2022-10-01,19.9,11.4,5.9,88
2022-10-02,20.9,2.4,7.3,83
2022-10-03,21.6,2.1,7.0,82
2022-10-04,20.0,16.3,6.8,91
2022-10-05,19.7,31.4,8.7,93
2022-10-06,19.1,28.5,7.1,94
2022-10-07,19.6,5.0,9.8,89
2022-10-08,20.2,1.4,11.9,85
2022-10-09,20.0,6.8,11.1,87
2022-10-10,19.5,1.4,9.8,87
2022-10-11,19.1,0.2,10.3,83
2022-10-12,18.6,3.5,8.0,90
2022-10-13,18.4,2.9,6.8,89
2022-10-14,17.9,1.0,7.8,86
2022-10-15,17.5,0.5,7.4,85
2022-10-16,17.6,0.0,7.6,82
2022-10-17,17.6,0.0,6.7,70
2022-10-18,16.8,0.0,12.3,69
2022-10-19,16.0,0.5,8.3,73
2022-10-20,15.8,0.0,8.7,75
2022-10-21,16.3,0.9,8.2,71
2022-10-22,16.3,0.4,9.2,67
2022-10-23,17.8,0.0,6.2,56
2022-10-24,18.8,0.0,10.2,57
2022-10-25,17.1,0.0,10.9,83
2022-10-26,16.2,0.0,9.7,83
2022-10-27,16.3,0.8,9.7,85
2022-10-28,16.0,0.0,8.9,83
2022-10-29,16.3,0.9,7.6,77
2022-10-30,17.0,0.0,9.4,68
2022-10-31,16.8,0.0,7.7,68
2022-11-01,16.5,0.0,11.6,64
2022-11-02,16.3,0.0,8.7,62
2022-11-03,15.7,0.0,9.5,69
2022-11-04,16.2,0.0,8.7,76
2022-11-05,16.7,0.4,8.1,77
2022-11-06,16.8,0.0,8.1,73
2022-11-07,15.1,0.0,10.2,79
2022-11-08,15.5,0.0,8.1,76
2022-11-09,15.1,0.7,6.4,81
2022-11-10,14.9,0.3,9.6,82
2022-11-11,14.4,2.4,10.9,81
2022-11-12,13.7,0.0,12.0,77
2022-11-13,13.2,0.0,8.8,79
2022-11-14,13.1,0.0,10.7,80
2022-11-15,14.0,0.0,10.5,77
2022-11-16,14.4,0.0,9.9,76
2022-11-17,13.4,0.1,9.7,80
2022-11-18,13.8,0.1,8.0,80
2022-11-19,14.8,0.0,7.4,71
2022-11-20,14.7,0.0,10.4,71
2022-11-21,14.1,0.0,12.3,64
2022-11-22,13.5,0.0,9.4,66
2022-11-23,13.7,0.0,9.2,75
2022-11-24,12.7,0.0,8.0,79
2022-11-25,14.7,0.0,8.4,66
2022-11-26,15.4,0.0,9.2,55
2022-11-27,14.1,0.0,8.3,68
2022-11-28,13.3,0.0,8.0,76
2022-11-29,13.4,0.0,9.4,78
2022-11-30,13.7,0.0,10.2,75
2022-12-01,13.4,0.0,8.5,72
2022-12-02,13.5,0.0,7.2,70
2022-12-03,13.3,0.0,8.2,71
2022-12-04,13.0,0.0,8.6,65
2022-12-05,12.1,0.0,9.7,71
2022-12-06,12.5,0.0,8.1,67
2022-12-07,12.2,0.0,7.0,71
2022-12-08,12.0,0.0,7.6,72
2022-12-09,12.2,0.0,9.0,70
2022-12-10,12.0,0.0,8.4,71
2022-12-11,12.2,0.0,10.0,66
2022-12-12,12.2,0.0,9.2,67
2022-12-13,11.5,0.0,10.3,75
2022-12-14,11.4,0.0,8.7,78
2022-12-15,11.2,0.0,7.9,83
2022-12-16,12.7,0.0,6.2,79
2022-12-17,12.6,0.3,6.9,79
2022-12-18,13.6,0.0,7.0,68
2022-12-19,13.2,0.0,9.7,67
2022-12-20,12.6,0.0,8.0,69
2022-12-21,11.2,0.0,9.8,78
2022-12-22,11.3,0.0,10.5,70
2022-12-23,11.2,0.0,9.4,64
2022-12-24,11.3,0.0,7.8,62
2022-12-25,12.3,0.0,8.5,52
2022-12-26,10.8,0.0,11.7,59
2022-12-27,11.0,0.0,11.6,48
2022-12-28,9.2,0.0,7.2,69
2022-12-29,8.8,0.0,9.0,83
2022-12-30,9.4,0.0,7.8,81
2022-12-31,9.7,0.2,8.6,75
2023-01-01,10.1,0.0,10.8,72
2023-01-02,9.4,0.0,9.7,74
2023-01-03,8.5,0.0,10.4,72
2023-01-04,8.3,0.0,9.2,67
2023-01-05,9.6,0.0,5.6,55
2023-01-06,10.4,0.0,10.7,52
2023-01-07,12.0,0.0,10.7,34
2023-01-08,11.5,0.0,6.9,37
2023-01-09,12.3,0.0,7.4,37
2023-01-10,11.5,0.0,8.1,46
2023-01-11,11.0,0.0,8.7,56
2023-01-12,11.0,0.0,7.8,56
2023-01-13,12.6,0.0,12.8,47
2023-01-14,11.8,0.0,13.8,53
2023-01-15,10.2,0.0,12.2,70
2023-01-16,8.0,0.0,11.0,81
2023-01-17,7.6,0.0,11.5,79
2023-01-18,7.9,0.0,10.9,71
2023-01-19,7.6,0.0,12.0,73
2023-01-20,10.0,0.0,12.4,68
2023-01-21,13.1,0.0,14.0,49
2023-01-22,12.4,0.0,13.5,45
2023-01-23,12.4,0.0,13.9,49
2023-01-24,12.1,0.0,14.6,57
2023-01-25,14.2,0.0,13.5,57
2023-01-26,14.4,0.0,12.4,57
2023-01-27,14.6,0.0,14.2,40
2023-01-28,12.3,0.0,10.9,47
2023-01-29,12.4,0.0,8.4,62
2023-01-30,13.2,0.0,11.0,64
2023-01-31,14.4,0.0,14.3,45
2023-02-01,13.4,0.0,12.5,59
2023-02-02,12.3,0.0,10.3,65
2023-02-03,12.7,0.0,8.0,72
2023-02-04,13.3,0.1,10.7,71
2023-02-05,13.4,0.0,6.7,72
2023-02-06,12.7,0.0,11.6,74
2023-02-07,12.4,0.1,14.1,72
2023-02-08,12.4,0.0,12.3,71
2023-02-09,12.0,0.1,10.1,75
2023-02-10,12.3,0.0,12.8,75
2023-02-11,14.5,0.0,15.5,58
2023-02-12,12.6,0.0,14.2,67
2023-02-13,12.3,0.0,7.3,62
2023-02-14,11.7,0.0,11.1,70
2023-02-15,13.3,0.0,12.7,68
2023-02-16,15.2,0.0,10.5,59
2023-02-17,16.4,0.0,10.3,55
2023-02-18,16.2,0.0,11.8,55
2023-02-19,16.7,0.0,13.0,56
2023-02-20,15.6,0.0,10.4,68
2023-02-21,15.5,0.0,14.3,72
2023-02-22,15.4,1.1,12.1,66
2023-02-23,16.1,0.0,16.2,62
2023-02-24,15.1,0.0,10.8,68
2023-02-25,13.5,0.6,8.6,80
2023-02-26,11.6,3.0,11.8,86
2023-02-27,12.5,5.6,10.8,80
2023-02-28,14.0,0.1,10.5,73
2023-03-01,15.1,0.2,11.7,67
2023-03-02,14.4,1.1,11.2,71
2023-03-03,15.5,0.2,8.0,72
2023-03-04,15.0,0.5,11.2,79
2023-03-05,15.8,0.4,13.4,72
2023-03-06,16.6,0.0,12.9,62
2023-03-07,16.4,0.0,9.1,59
2023-03-08,13.6,1.6,8.9,70
2023-03-09,13.8,3.8,10.0,74
2023-03-10,16.0,0.0,7.1,58
2023-03-11,16.0,1.8,10.2,58
2023-03-12,16.8,0.0,8.7,57
2023-03-13,15.7,2.8,12.7,72
2023-03-14,14.7,6.1,8.2,77
2023-03-15,14.9,2.8,11.1,68
2023-03-16,15.6,0.0,11.6,65
2023-03-17,15.3,4.0,10.7,74
2023-03-18,14.4,3.2,14.5,79
2023-03-19,14.1,12.5,8.3,82
2023-03-20,13.5,10.9,11.2,86
2023-03-21,13.2,17.4,9.4,81
2023-03-22,13.5,0.2,11.5,78
2023-03-23,14.5,0.2,10.0,75
2023-03-24,14.6,0.5,12.0,79
2023-03-25,15.6,0.0,15.3,73
2023-03-26,17.2,0.0,12.7,54
2023-03-27,17.5,0.6,10.0,51
2023-03-28,15.8,0.1,8.7,59
2023-03-29,16.0,0.3,9.5,59
2023-03-30,16.8,0.0,11.5,57
2023-03-31,15.1,3.5,9.7,77
2023-04-01,13.6,6.7,10.3,84
2023-04-02,12.9,8.4,13.1,86
2023-04-03,14.6,0.8,11.4,80
2023-04-04,15.8,1.1,15.9,75
2023-04-05,16.6,0.0,12.2,65
2023-04-06,17.8,0.0,12.8,56
2023-04-07,18.0,0.0,12.2,56
2023-04-08,18.2,0.0,12.4,59
2023-04-09,19.8,0.0,16.3,47
2023-04-10,20.1,0.1,13.0,41
2023-04-11,20.2,0.0,11.2,45
2023-04-12,20.0,0.0,12.7,51
2023-04-13,20.9,0.0,14.8,52
2023-04-14,21.7,0.0,13.7,50
2023-04-15,22.5,0.1,13.8,54
2023-04-16,23.0,0.0,13.2,44
2023-04-17,22.8,0.0,13.8,40
2023-04-18,23.2,0.0,15.8,40
2023-04-19,23.4,0.0,14.5,37
2023-04-20,22.2,0.0,20.4,42
2023-04-21,19.7,0.3,15.1,52
2023-04-22,19.9,0.0,12.8,45
2023-04-23,19.8,1.1,12.6,45
2023-04-24,16.4,1.9,7.6,69
2023-04-25,16.6,2.0,12.3,69
2023-04-26,18.5,0.0,11.3,62
2023-04-27,19.4,0.1,9.4,57
2023-04-28,19.8,0.2,12.9,56
2023-04-29,18.9,0.9,16.6,66
2023-04-30,17.4,2.6,10.5,79
2023-05-01,15.7,6.9,7.2,86
2023-05-02,15.8,6.6,7.2,85
2023-05-03,17.3,5.3,14.0,77
2023-05-04,17.0,8.9,6.4,81
2023-05-05,18.2,0.0,11.4,72
2023-05-06,19.9,0.1,12.0,66
2023-05-07,20.3,1.9,10.1,64
2023-05-08,21.3,0.0,14.5,54
2023-05-09,22.0,0.0,17.4,44
2023-05-10,21.1,0.0,11.1,46
2023-05-11,21.0,0.0,13.8,39
2023-05-12,21.4,0.1,12.0,44
2023-05-13,21.5,0.0,10.1,58
2023-05-14,20.7,5.7,14.2,69
2023-05-15,19.3,1.9,10.8,76
2023-05-16,18.9,7.8,10.2,80
2023-05-17,20.0,4.7,10.2,75
2023-05-18,19.4,2.1,11.9,82
2023-05-19,20.0,0.7,13.7,77
2023-05-20,19.8,5.2,8.0,74
2023-05-21,20.5,1.6,11.8,70
2023-05-22,21.4,1.3,11.9,73
2023-05-23,20.2,3.1,8.2,82
2023-05-24,20.3,6.1,11.6,83
2023-05-25,19.1,13.4,9.0,89
2023-05-26,19.0,7.0,7.9,82
2023-05-27,18.8,9.8,8.0,83
2023-05-28,19.0,1.5,8.2,81
2023-05-29,20.8,0.4,9.1,78
2023-05-30,22.1,0.0,11.8,75
2023-05-31,23.7,0.0,11.9,60
2023-06-01,24.2,0.0,14.3,50
2023-06-02,23.9,0.0,12.7,48
2023-06-03,22.9,0.0,10.1,53
2023-06-04,23.2,0.0,14.3,52
2023-06-05,22.9,0.0,13.1,57
2023-06-06,22.9,0.3,8.7,62
2023-06-07,23.7,1.4,7.6,60
2023-06-08,23.9,0.5,12.2,60
2023-06-09,24.8,0.0,10.6,58
2023-06-10,24.1,0.9,11.2,66
2023-06-11,23.2,1.3,12.8,78
2023-06-12,22.8,6.6,11.4,82
2023-06-13,22.4,5.8,11.0,83
2023-06-14,21.2,35.9,9.7,89
2023-06-15,22.2,29.4,9.0,86
2023-06-16,22.7,2.6,8.1,83
2023-06-17,23.3,5.4,10.9,82
2023-06-18,23.1,3.5,15.3,84
2023-06-19,22.7,8.2,12.2,88
2023-06-20,22.7,10.2,13.3,84
2023-06-21,23.5,3.4,13.0,83
2023-06-22,24.0,6.3,10.8,84
2023-06-23,24.1,14.4,8.7,84
2023-06-24,23.5,32.4,8.3,87
2023-06-25,23.2,26.3,8.1,88
2023-06-26,22.8,13.5,7.6,86
2023-06-27,22.7,37.7,7.2,87
2023-06-28,22.6,26.2,7.6,87
2023-06-29,22.6,19.2,10.2,87
2023-06-30,21.8,26.3,9.8,93
2023-07-01,22.0,32.3,10.0,91
2023-07-02,22.9,14.5,6.0,89
2023-07-03,22.9,22.2,6.4,89
2023-07-04,22.6,29.6,4.7,90
2023-07-05,22.0,9.7,6.9,90
2023-07-06,22.6,16.1,5.6,87
2023-07-07,23.1,27.2,6.4,89
2023-07-08,23.3,15.2,7.3,87
2023-07-09,23.5,9.1,7.5,87
2023-07-10,23.4,13.9,5.4,89
2023-07-11,23.5,3.5,7.6,87
2023-07-12,22.9,24.5,5.6,91
2023-07-13,22.6,17.9,6.0,91
2023-07-14,23.0,22.1,5.3,89
2023-07-15,23.1,33.3,6.4,89
2023-07-16,22.6,34.6,8.7,92
2023-07-17,23.0,33.7,7.2,90
2023-07-18,22.3,20.3,5.3,92
2023-07-19,23.2,10.7,7.1,86
2023-07-20,24.1,4.0,6.9,83
2023-07-21,23.6,38.9,5.2,86
2023-07-22,23.4,22.4,5.7,86
2023-07-23,22.7,34.9,8.2,89
2023-07-24,22.5,10.5,6.0,88
2023-07-25,22.2,13.2,5.9,92
2023-07-26,22.9,3.2,8.7,87
2023-07-27,22.8,13.7,6.2,88
2023-07-28,23.2,10.8,7.8,88
2023-07-29,22.7,6.9,9.1,91
2023-07-30,22.9,7.1,6.3,89
2023-07-31,23.4,4.0,10.1,89
2023-08-01,23.9,10.8,6.6,87
2023-08-02,24.2,0.8,10.8,83
2023-08-03,23.6,11.2,6.9,88
2023-08-04,23.3,24.9,4.8,90
2023-08-05,23.0,36.1,5.2,91
2023-08-06,22.5,5.4,8.3,92
2023-08-07,22.3,25.3,5.7,94
2023-08-08,22.2,53.0,5.8,94
2023-08-09,23.3,23.3,5.9,89
2023-08-10,23.4,15.6,8.3,89
2023-08-11,23.1,18.5,7.5,92
2023-08-12,23.0,51.9,7.6,92
2023-08-13,21.9,108.5,5.1,95
2023-08-14,22.0,1.2,9.4,89
2023-08-15,22.4,5.5,9.5,88
2023-08-16,22.9,3.7,9.5,89
2023-08-17,23.2,11.7,5.9,89
2023-08-18,23.3,19.8,7.1,88
2023-08-19,23.4,6.4,5.8,87
2023-08-20,23.0,27.2,6.0,91
2023-08-21,22.4,6.1,5.6,94
2023-08-22,22.7,16.6,7.4,92
2023-08-23,22.3,6.4,4.0,92
2023-08-24,22.5,37.0,6.4,91
2023-08-25,22.1,32.7,10.1,91
2023-08-26,21.5,80.8,8.1,93
2023-08-27,21.8,12.2,9.6,91
2023-08-28,22.0,3.3,11.1,90
2023-08-29,21.8,3.9,6.6,88
2023-08-30,22.1,4.5,7.6,89
2023-08-31,22.5,3.6,9.5,90
2023-09-01,22.7,2.3,10.2,88
2023-09-02,22.8,4.8,5.8,88
2023-09-03,23.1,12.2,8.5,88
2023-09-04,22.6,1.5,6.5,84
2023-09-05,22.5,1.0,6.2,82
2023-09-06,23.1,1.2,8.4,76
2023-09-07,23.0,4.3,7.1,82
2023-09-08,22.2,19.4,5.9,89
2023-09-09,22.0,10.7,8.9,90
2023-09-10,22.2,13.6,6.6,89
2023-09-11,22.3,2.6,7.1,89
2023-09-12,22.7,3.2,7.2,87
2023-09-13,22.8,7.4,6.0,88
2023-09-14,22.7,3.6,7.9,89
2023-09-15,22.8,11.5,5.2,87
2023-09-16,22.5,1.7,6.5,88
2023-09-17,22.0,6.8,8.9,88
2023-09-18,22.6,1.9,5.1,84
2023-09-19,22.0,3.1,6.4,86
2023-09-20,21.4,1.9,9.4,89
2023-09-21,21.4,22.7,9.2,90
2023-09-22,21.3,17.7,5.2,90
2023-09-23,20.7,1.3,8.4,91
2023-09-24,20.9,9.1,8.7,89
2023-09-25,20.4,20.6,5.4,90
2023-09-26,20.8,2.2,10.8,89
2023-09-27,21.3,1.4,8.1,88
2023-09-28,21.5,1.7,8.7,86
2023-09-29,21.6,8.2,7.6,86
2023-09-30,22.0,0.8,6.6,82
2023-10-01,21.8,0.0,9.0,83
2023-10-02,21.0,1.6,5.8,89
2023-10-03,21.2,2.2,9.7,84
2023-10-04,20.0,14.7,6.1,94
2023-10-05,21.0,0.1,12.5,89
2023-10-06,20.7,4.2,8.4,91
2023-10-07,20.3,3.9,9.5,92
2023-10-08,19.9,2.9,10.2,91
2023-10-09,20.2,2.6,6.0,88
2023-10-10,19.7,4.5,8.7,90
2023-10-11,19.1,5.8,6.6,89
2023-10-12,18.7,10.7,6.0,90
2023-10-13,18.5,3.2,5.8,88
2023-10-14,17.8,2.6,9.9,89
2023-10-15,17.7,1.9,7.5,90
2023-10-16,17.1,4.7,7.7,89
2023-10-17,17.2,1.1,12.6,82
2023-10-18,16.1,1.0,8.0,82
2023-10-19,16.2,0.4,9.4,81
2023-10-20,16.5,0.3,7.6,80
2023-10-21,16.4,1.3,6.2,81
2023-10-22,17.0,0.0,7.2,74
2023-10-23,17.0,0.0,7.1,73
2023-10-24,17.1,1.3,7.1,74
2023-10-25,17.1,2.2,7.0,73
2023-10-26,16.7,0.1,8.9,74
2023-10-27,17.4,0.1,8.7,71
2023-10-28,16.6,0.0,11.6,79
2023-10-29,16.8,0.3,7.4,81
2023-10-30,17.4,0.5,7.6,78
2023-10-31,17.8,0.4,7.8,76
2023-11-01,18.1,0.0,6.9,71
2023-11-02,16.6,0.0,10.0,83
2023-11-03,15.9,0.7,9.5,83
2023-11-04,15.3,1.9,9.0,83
2023-11-05,15.6,0.4,7.4,81
2023-11-06,15.2,0.8,7.4,82
2023-11-07,15.4,0.0,11.8,76
2023-11-08,15.6,0.0,11.2,69
2023-11-09,15.3,0.0,7.5,69
2023-11-10,14.6,0.0,8.2,79
2023-11-11,14.5,1.2,11.1,82
2023-11-12,15.7,0.5,7.7,74
2023-11-13,15.6,0.0,6.4,73
2023-11-14,15.7,0.0,8.4,73
2023-11-15,15.7,0.0,7.7,76
2023-11-16,15.7,0.1,7.3,78
2023-11-17,15.6,0.0,10.2,72
2023-11-18,15.2,0.0,10.7,75
2023-11-19,14.6,0.0,8.1,83
2023-11-20,15.3,0.0,7.0,79
2023-11-21,14.7,0.0,8.2,86
2023-11-22,13.8,0.0,8.0,81
2023-11-23,14.3,0.4,6.9,80
2023-11-24,14.5,3.8,7.2,82
2023-11-25,14.5,2.0,5.7,84
2023-11-26,14.8,0.0,7.4,81
2023-11-27,15.3,0.0,10.1,78
2023-11-28,14.9,1.2,7.8,83
2023-11-29,14.4,1.7,6.6,80
2023-11-30,13.7,0.0,6.4,79
2023-12-01,13.8,0.2,7.3,78
2023-12-02,14.0,0.0,9.2,70
2023-12-03,14.9,0.0,8.9,56
2023-12-04,13.3,0.0,8.3,53
2023-12-05,15.1,0.0,12.6,64
2023-12-06,15.3,0.0,9.9,66
2023-12-07,12.6,0.2,6.3,85
2023-12-08,12.1,0.0,9.2,84
2023-12-09,12.1,0.0,9.2,79
2023-12-10,12.2,0.0,8.0,81
2023-12-11,12.1,0.0,6.8,80
2023-12-12,11.4,0.8,6.4,77
2023-12-13,9.9,1.2,9.2,82
2023-12-14,10.9,0.0,7.0,72
2023-12-15,10.4,0.0,6.5,79
2023-12-16,10.7,0.0,6.3,80
2023-12-17,11.5,0.0,7.4,74
2023-12-18,11.5,0.0,9.7,75
2023-12-19,10.6,0.0,7.4,74
2023-12-20,11.4,0.0,6.6,68
2023-12-21,13.2,0.0,7.1,58
2023-12-22,12.7,0.0,6.4,66
2023-12-23,12.7,0.0,7.1,68
2023-12-24,13.1,0.0,9.9,59
2023-12-25,12.4,0.0,8.9,59
2023-12-26,12.8,0.0,8.3,64
2023-12-27,12.3,0.0,6.6,74
2023-12-28,12.2,0.0,6.6,74
2023-12-29,12.3,0.0,6.6,68
2023-12-30,12.2,0.7,7.4,74
2023-12-31,11.5,0.0,6.1,77
2024-01-01,10.9,0.0,9.7,78
2024-01-02,10.3,0.6,8.1,79
2024-01-03,10.4,0.0,9.9,74
2024-01-04,11.2,0.0,9.9,64
2024-01-05,10.9,0.0,10.8,63
2024-01-06,10.3,0.0,10.3,72
2024-01-07,11.3,0.0,9.8,64
2024-01-08,10.2,0.0,10.5,68
2024-01-09,11.3,0.0,11.5,63
2024-01-10,10.8,0.0,9.4,61
2024-01-11,9.1,0.0,7.9,72
2024-01-12,10.7,0.0,8.1,70
2024-01-13,11.5,0.0,6.1,68
2024-01-14,11.6,0.0,7.7,66
2024-01-15,11.1,0.0,7.8,68
2024-01-16,10.5,1.5,5.6,75
2024-01-17,8.9,0.3,4.8,84
2024-01-18,8.3,0.7,8.9,83
2024-01-19,8.1,0.0,8.9,81
2024-01-20,8.7,0.0,7.5,74
2024-01-21,8.7,0.0,11.5,62
2024-01-22,8.9,0.0,8.2,62
2024-01-23,9.1,0.9,6.2,70
2024-01-24,9.4,0.5,6.2,71
2024-01-25,8.9,0.1,10.6,68
2024-01-26,9.1,0.0,13.6,61
2024-01-27,9.3,0.0,9.0,61
2024-01-28,9.2,0.0,6.8,67
2024-01-29,10.5,0.0,8.4,66
2024-01-30,9.8,0.8,5.4,73
2024-01-31,10.3,0.0,9.2,71
2024-02-01,8.5,0.0,10.3,81
2024-02-02,9.8,0.0,10.5,64
2024-02-03,10.9,0.0,10.9,63
2024-02-04,9.0,1.2,10.5,87
2024-02-05,10.4,0.0,14.7,78
2024-02-06,9.5,0.0,12.4,73
2024-02-07,9.7,0.0,13.5,68
2024-02-08,9.7,0.0,14.1,70
2024-02-09,10.1,0.0,8.2,74
2024-02-10,12.0,0.0,9.2,64
2024-02-11,12.0,0.1,7.5,62
2024-02-12,13.3,0.0,9.7,58
2024-02-13,13.2,0.0,8.8,56
2024-02-14,11.7,0.4,6.1,63
2024-02-15,13.5,0.0,11.7,51
2024-02-16,13.8,0.0,10.3,58
2024-02-17,13.4,0.0,8.3,68
2024-02-18,13.1,0.0,9.6,71
2024-02-19,13.0,0.0,12.6,68
2024-02-20,14.6,0.1,16.1,57
2024-02-21,13.4,1.1,13.6,65
2024-02-22,11.3,1.0,14.2,71
2024-02-23,10.7,0.0,11.4,56
2024-02-24,12.0,0.2,9.7,46
2024-02-25,11.8,0.0,8.6,45
2024-02-26,12.6,0.0,12.9,45
2024-02-27,13.3,0.0,13.2,51
2024-02-28,15.0,0.0,16.5,50
2024-02-29,14.2,0.0,10.8,63
2024-03-01,14.4,0.0,11.6,67
2024-03-02,14.3,4.0,12.0,76
2024-03-03,13.3,5.8,6.6,85
2024-03-04,14.0,0.0,10.1,67
2024-03-05,15.3,0.0,15.1,46
2024-03-06,15.1,0.0,13.2,44
2024-03-07,15.4,0.0,14.1,45
2024-03-08,15.6,0.0,13.8,56
2024-03-09,15.0,0.0,13.7,59
2024-03-10,16.2,0.0,10.0,60
2024-03-11,16.1,0.0,11.7,68
2024-03-12,16.5,0.0,14.6,58
2024-03-13,16.5,0.0,12.6,55
2024-03-14,17.3,0.0,16.3,42
2024-03-15,17.5,0.0,11.4,44
2024-03-16,16.7,0.0,13.0,39
2024-03-17,17.7,0.0,13.5,30
2024-03-18,16.8,0.0,11.6,38
2024-03-19,16.7,1.2,12.2,41
2024-03-20,15.2,6.7,8.6,64
2024-03-21,14.0,6.6,11.3,82
2024-03-22,14.4,0.8,12.9,81
2024-03-23,14.9,6.2,11.3,84
2024-03-24,15.7,2.5,7.8,83
2024-03-25,15.6,2.5,10.7,83
2024-03-26,16.6,1.0,11.6,76
2024-03-27,16.6,2.0,8.9,85
2024-03-28,17.2,1.8,7.6,87
2024-03-29,17.6,2.2,8.6,86
2024-03-30,18.4,0.7,13.0,78
2024-03-31,18.7,0.0,19.5,68
2024-04-01,19.2,0.0,16.1,60
2024-04-02,20.1,0.0,16.9,56
2024-04-03,20.1,0.0,14.5,55
2024-04-04,20.9,0.0,16.8,46
2024-04-05,21.2,0.0,14.5,45
2024-04-06,20.8,0.0,17.4,45
2024-04-07,20.3,0.0,14.5,43
2024-04-08,19.6,0.0,11.1,39
2024-04-09,19.7,0.0,13.5,35
2024-04-10,20.2,0.0,18.1,30
2024-04-11,19.1,0.5,11.9,43
2024-04-12,19.3,0.1,14.8,49
2024-04-13,20.4,0.0,14.2,47
2024-04-14,21.1,0.0,16.1,47
2024-04-15,22.8,0.0,15.9,45
2024-04-16,22.3,0.2,14.8,53
2024-04-17,21.9,0.0,16.0,53
2024-04-18,22.3,0.0,10.6,55
2024-04-19,22.0,0.0,17.9,59
2024-04-20,22.7,0.0,20.6,47
2024-04-21,23.2,0.0,18.9,29
2024-04-22,23.3,0.0,17.9,36
2024-04-23,22.6,0.0,18.4,35
2024-04-24,23.1,0.0,17.8,33
2024-04-25,22.7,0.0,16.6,33
2024-04-26,23.4,0.0,16.9,33
2024-04-27,23.9,0.0,17.8,36
2024-04-28,23.5,0.0,17.7,39
2024-04-29,23.9,0.0,16.1,32
2024-04-30,24.2,0.0,17.2,31
2024-05-01,22.8,0.0,17.7,27
2024-05-02,21.7,0.0,15.7,25
2024-05-03,22.8,0.0,12.4,31
2024-05-04,23.0,0.0,18.4,34
2024-05-05,22.5,0.0,15.4,43
2024-05-06,22.6,0.0,16.2,50
2024-05-07,18.7,11.5,6.3,82
2024-05-08,17.8,15.3,10.3,87
2024-05-09,19.1,6.0,11.2,79
2024-05-10,19.5,4.2,7.3,78
2024-05-11,19.5,5.1,7.3,84
2024-05-12,19.1,14.5,8.5,87
2024-05-13,19.7,4.9,7.1,84
2024-05-14,21.0,0.4,10.2,78
2024-05-15,22.0,0.2,15.0,73
2024-05-16,22.7,0.0,12.1,61
2024-05-17,23.6,0.0,16.4,52
2024-05-18,23.8,4.1,14.5,61
2024-05-19,22.4,1.2,9.4,72
2024-05-20,21.9,2.8,11.2,77
2024-05-21,22.3,2.0,10.6,78
2024-05-22,21.6,3.4,6.1,83
2024-05-23,22.1,1.0,9.8,80
2024-05-24,23.1,4.8,8.8,76
2024-05-25,23.7,3.0,13.4,79
2024-05-26,23.3,3.5,9.5,84
2024-05-27,23.3,4.2,10.8,84
2024-05-28,22.1,15.7,5.9,90
2024-05-29,23.2,4.1,8.7,79
2024-05-30,25.2,0.2,14.6,65
2024-05-31,24.4,0.0,15.8,73
2024-06-01,22.5,7.0,6.4,80
2024-06-02,23.2,1.7,10.6,74
2024-06-03,22.6,2.0,11.1,78
2024-06-04,22.8,5.0,10.9,78
2024-06-05,22.0,7.7,8.0,82
2024-06-06,23.1,2.1,10.4,80
2024-06-07,21.8,7.4,9.2,86
2024-06-08,22.9,1.2,12.1,80
2024-06-09,24.3,0.0,13.4,73
2024-06-10,25.1,0.0,15.1,70
2024-06-11,24.3,0.8,12.2,80
2024-06-12,24.8,0.8,11.9,75
2024-06-13,24.4,11.2,12.0,80
2024-06-14,24.0,10.0,13.2,82
2024-06-15,24.3,8.1,12.0,81
2024-06-16,23.7,16.4,9.2,86
2024-06-17,23.1,14.7,9.2,89
2024-06-18,23.3,18.1,6.6,89
2024-06-19,22.4,28.0,8.8,89
2024-06-20,23.2,14.2,9.8,83
2024-06-21,22.9,4.5,10.8,86
2024-06-22,23.0,12.3,7.4,87
2024-06-23,23.3,6.2,7.2,87
2024-06-24,23.8,3.0,8.3,86
2024-06-25,23.9,3.9,6.2,88
2024-06-26,23.4,67.7,8.9,88
2024-06-27,23.4,4.6,8.2,87
2024-06-28,23.4,19.8,7.0,89
2024-06-29,23.3,12.9,7.5,88
2024-06-30,23.2,10.9,6.0,87
2024-07-01,23.4,21.4,6.9,89
2024-07-02,23.3,45.9,7.6,89
2024-07-03,22.6,23.2,8.2,91
2024-07-04,23.2,27.4,9.9,90
2024-07-05,22.5,26.6,7.9,92
2024-07-06,21.4,66.4,9.5,96
2024-07-07,22.5,8.6,8.8,89
2024-07-08,22.9,5.1,7.4,90
2024-07-09,23.3,11.5,8.7,88
2024-07-10,23.1,7.4,8.2,91
2024-07-11,23.4,65.9,6.9,89
2024-07-12,22.5,138.7,7.2,92
2024-07-13,23.3,5.2,7.1,88
2024-07-14,24.1,24.1,6.8,87
2024-07-15,24.3,18.1,6.6,88
2024-07-16,23.6,21.0,6.1,90
2024-07-17,23.1,34.8,6.4,91
2024-07-18,23.7,9.2,7.2,88
2024-07-19,23.5,16.9,7.6,90
2024-07-20,23.9,27.1,5.8,88
2024-07-21,23.2,17.0,6.2,92
2024-07-22,23.3,7.0,5.9,91
2024-07-23,23.4,10.0,7.0,90
2024-07-24,23.3,40.4,7.7,92
2024-07-25,23.8,35.7,8.4,90
2024-07-26,23.9,15.4,6.4,90
2024-07-27,24.9,1.1,10.2,84
2024-07-28,24.6,20.0,8.7,88
2024-07-29,24.8,26.1,5.8,87
2024-07-30,24.5,13.5,11.3,87
2024-07-31,24.2,13.6,9.2,87
2024-08-01,23.6,21.1,9.7,89
2024-08-02,22.7,25.9,6.5,90
2024-08-03,22.9,10.1,8.8,88
2024-08-04,23.0,16.6,8.0,88
2024-08-05,22.8,16.1,7.9,91
2024-08-06,22.2,63.3,7.6,94
2024-08-07,22.5,52.3,7.6,91
2024-08-08,22.7,48.2,7.1,90
2024-08-09,22.5,42.4,6.1,91
2024-08-10,22.3,49.2,6.5,92
2024-08-11,22.1,18.4,5.1,92
2024-08-12,22.6,63.7,6.1,90
2024-08-13,22.8,25.7,5.5,92
2024-08-14,22.9,14.4,5.3,91
2024-08-15,23.8,15.5,8.3,86
2024-08-16,23.1,9.1,6.6,86
2024-08-17,23.2,7.0,5.9,86
2024-08-18,23.3,16.6,8.3,86
2024-08-19,22.8,3.7,7.9,86
2024-08-20,21.7,17.2,8.0,91
2024-08-21,21.6,5.5,5.5,91
2024-08-22,22.0,11.3,5.3,91
2024-08-23,22.3,24.7,7.1,89
2024-08-24,22.9,10.6,5.7,87
2024-08-25,22.7,2.3,5.8,86
2024-08-26,22.1,3.7,6.8,87
2024-08-27,21.9,2.0,4.7,87
2024-08-28,22.5,6.0,6.4,88
2024-08-29,22.2,10.8,6.7,88
2024-08-30,22.9,8.0,7.4,86
2024-08-31,23.7,2.7,7.6,83
2024-09-01,22.0,26.1,7.6,92
2024-09-02,21.9,3.9,6.5,89
2024-09-03,22.0,6.7,8.7,89
2024-09-04,21.8,5.8,10.1,90
2024-09-05,22.1,18.3,5.0,87
2024-09-06,22.2,18.0,6.0,90
2024-09-07,23.0,12.4,7.3,86
2024-09-08,23.5,0.9,8.6,81
2024-09-09,22.5,9.3,6.4,88
2024-09-10,22.9,2.9,7.3,86
2024-09-11,22.8,19.3,8.6,87
2024-09-12,22.3,18.7,6.1,89
2024-09-13,22.3,9.7,7.2,89
2024-09-14,21.5,13.9,8.3,89
2024-09-15,21.2,3.9,11.7,90
2024-09-16,21.7,1.0,7.1,86
2024-09-17,21.4,9.9,5.2,89
2024-09-18,22.4,2.0,5.4,87
2024-09-19,23.2,1.6,8.9,85
2024-09-20,22.8,1.4,7.3,87
2024-09-21,22.5,10.3,6.1,86
2024-09-22,24.5,0.7,6.9,81
2024-09-23,23.7,1.5,7.2,83
2024-09-24,22.9,1.8,11.4,85
2024-09-25,21.7,8.8,5.0,92
2024-09-26,21.0,29.8,8.2,92
2024-09-27,19.4,191.1,8.6,94
2024-09-28,18.9,112.6,9.3,95
2024-09-29,20.8,2.2,8.4,91
2024-09-30,21.3,1.6,10.3,91
2024-10-01,21.9,2.4,8.5,89
2024-10-02,21.8,8.9,4.9,91
2024-10-03,20.9,11.0,7.1,92
2024-10-04,20.8,2.6,9.2,92
2024-10-05,20.6,4.0,6.9,91
2024-10-06,20.5,2.7,8.8,89
2024-10-07,20.5,0.0,10.1,88
2024-10-08,20.4,0.0,10.2,87
2024-10-09,19.7,0.0,10.9,88
2024-10-10,19.6,0.0,11.4,85
2024-10-11,20.0,0.0,11.2,84
2024-10-12,19.7,0.0,8.4,81
2024-10-13,18.5,0.0,9.9,81
2024-10-14,18.5,0.5,10.9,90
2024-10-15,18.4,2.3,6.9,89
2024-10-16,18.2,1.6,8.7,87
2024-10-17,18.0,1.9,9.1,91
2024-10-18,17.6,1.8,8.8,89
2024-10-19,17.8,0.9,8.6,85
2024-10-20,17.3,5.2,7.6,89
2024-10-21,17.2,5.3,9.8,86
2024-10-22,18.0,2.6,5.7,77
2024-10-23,19.3,0.0,7.1,70
2024-10-24,19.7,0.1,9.0,77
2024-10-25,18.8,0.1,6.6,86
2024-10-26,18.4,0.1,5.5,84
2024-10-27,18.7,0.7,9.4,82
2024-10-28,19.2,0.0,9.3,75
2024-10-29,18.5,0.0,11.5,82
2024-10-30,18.1,1.4,7.7,87
2024-10-31,18.3,0.7,7.7,85
2024-11-01,18.6,2.5,6.6,84
2024-11-02,18.2,1.9,5.2,86
2024-11-03,17.6,0.5,8.1,89
2024-11-04,16.5,6.1,5.4,89
2024-11-05,16.8,0.2,5.6,83
2024-11-06,17.7,0.0,7.8,66
2024-11-07,17.4,0.0,8.6,61
2024-11-08,16.7,0.0,7.3,76
2024-11-09,16.4,0.0,9.1,83
2024-11-10,16.5,0.7,6.5,83
2024-11-11,16.8,0.0,11.9,79
2024-11-12,16.3,0.2,11.3,78
2024-11-13,16.8,0.1,7.3,78
2024-11-14,16.7,0.0,8.2,81
2024-11-15,16.2,0.0,8.7,81
2024-11-16,16.0,0.0,7.7,80
2024-11-17,16.5,0.0,9.1,78
2024-11-18,15.4,0.0,7.9,76
2024-11-19,15.3,0.0,7.0,76
2024-11-20,15.2,1.1,7.0,72
2024-11-21,14.4,2.2,6.5,77
2024-11-22,14.0,0.7,6.2,78
2024-11-23,13.8,0.0,8.3,77
2024-11-24,13.7,0.0,9.7,75
2024-11-25,14.5,0.0,6.9,74
2024-11-26,14.7,0.4,8.4,77
2024-11-27,14.0,1.0,7.0,78
2024-11-28,13.5,0.2,7.0,74
2024-11-29,14.7,0.0,7.3,66
2024-11-30,13.7,0.0,6.7,74
2024-12-01,14.0,0.0,9.3,74
2024-12-02,13.6,0.0,9.8,74
2024-12-03,14.3,0.0,10.3,67
2024-12-04,13.8,0.0,9.5,69
2024-12-05,13.3,0.0,7.3,76
2024-12-06,13.0,0.0,8.5,84
2024-12-07,12.9,0.0,7.4,83
2024-12-08,12.1,0.2,7.2,84
2024-12-09,10.3,0.2,6.1,84
2024-12-10,10.6,0.0,7.7,61
2024-12-11,10.9,0.0,9.3,67
2024-12-12,11.7,0.0,10.7,61
2024-12-13,12.1,0.0,9.3,54
2024-12-14,10.7,0.0,7.8,64
2024-12-15,11.5,0.0,6.9,69
2024-12-16,13.0,0.0,6.9,62
2024-12-17,12.5,0.0,9.8,66
2024-12-18,12.1,0.0,9.2,65
2024-12-19,11.5,0.0,7.8,68
2024-12-20,11.7,0.0,8.6,69
2024-12-21,11.3,0.0,8.0,66
2024-12-22,11.1,0.0,8.8,66
2024-12-23,10.3,0.0,9.0,74
2024-12-24,10.7,0.1,7.3,72
2024-12-25,12.5,0.1,10.2,62
2024-12-26,12.2,0.0,9.2,59
2024-12-27,11.7,0.0,6.0,68
2024-12-28,10.7,4.1,8.1,81
2024-12-29,12.5,1.7,8.0,73
2024-12-30,11.5,0.0,7.7,72
2024-12-31,11.0,0.0,7.8,76
